City_ID,City,Country,Date,Lat,Lng,Max Temp,Humidity,Cloudiness,Wind Speed
0,Srandakan,ID,2022-10-20 20:33:46,-7.9386,110.2506,76.03,91,100,2.59
1,Waddan,LY,2022-10-20 20:33:47,29.1614,16.139,70.36,52,60,10.33
2,Avarua,CK,2022-10-20 20:33:47,-21.2078,-159.775,78.85,69,20,13.8
3,Kirakira,SB,2022-10-20 20:33:47,-10.4544,161.9205,82.27,80,80,7.78
4,Port Alfred,ZA,2022-10-20 20:33:48,-33.5906,26.891,62.19,94,86,1.01
5,Rikitea,PF,2022-10-20 20:33:48,-23.1203,-134.9692,70.72,75,95,23.04
6,Lavrentiya,RU,2022-10-20 20:33:48,65.5833,-171.0,34.83,99,100,8.39
7,Bahia Honda,CU,2022-10-20 20:33:48,22.9036,-83.1592,74.35,66,86,10.36
8,Tuatapere,NZ,2022-10-20 20:33:49,-46.1333,167.6833,47.44,54,97,6.17
9,Yulara,AU,2022-10-20 20:33:49,-25.2406,130.9889,67.03,42,0,4.38
10,Barrow,US,2022-10-20 20:31:13,71.2906,-156.7887,26.62,93,100,20.71
11,Zhelyabovka,UA,2022-10-20 20:33:49,45.3988,34.7578,42.06,64,10,14.25
12,Port Elizabeth,ZA,2022-10-20 20:31:19,-33.918,25.5701,60.1,83,20,5.86
13,Charagua,BO,2022-10-20 20:33:50,-19.8,-63.2167,71.17,78,90,6.15
14,Albany,US,2022-10-20 20:33:26,42.6001,-73.9662,55.92,44,31,9.04
15,Hermanus,ZA,2022-10-20 20:33:48,-34.4187,19.2345,57.88,79,98,9.91
16,Matagami,CA,2022-10-20 20:33:50,49.7502,-77.6328,37.51,87,100,11.5
17,Bredasdorp,ZA,2022-10-20 20:33:50,-34.5322,20.0403,56.14,83,95,4.9
18,Mount Gambier,AU,2022-10-20 20:33:51,-37.8333,140.7667,58.28,76,98,3.0
19,Wenling,CN,2022-10-20 20:33:51,28.3669,121.36,63.82,68,92,5.68
20,Muromtsevo,RU,2022-10-20 20:33:51,56.3724,75.2418,41.02,88,97,7.61
21,Cavalcante,BR,2022-10-20 20:33:52,-13.7975,-47.4583,87.57,22,60,3.42
22,Christchurch,NZ,2022-10-20 20:30:24,-43.5333,172.6333,52.92,47,100,12.66
23,Tongzi,CN,2022-10-20 20:33:52,28.7829,105.0877,66.29,61,54,3.09
24,Vaini,TO,2022-10-20 20:33:52,-21.2,-175.2,71.76,100,100,12.66
25,Ushuaia,AR,2022-10-20 20:33:53,-54.8,-68.3,46.02,65,75,26.46
26,Bambous Virieux,MU,2022-10-20 20:29:50,-20.3428,57.7575,72.21,83,75,10.36
27,Qaanaaq,GL,2022-10-20 20:33:53,77.484,-69.3632,1.45,66,10,12.68
28,Evensk,RU,2022-10-20 20:33:54,61.95,159.2333,12.4,73,71,8.75
29,Beyneu,KZ,2022-10-20 20:33:55,45.3167,55.2,59.86,51,4,6.2
30,Pokhvistnevo,RU,2022-10-20 20:33:55,53.6524,52.1274,41.14,82,99,6.29
31,Hasaki,JP,2022-10-20 20:33:55,35.7333,140.8333,55.29,58,0,6.53
32,Knysna,ZA,2022-10-20 20:33:55,-34.0363,23.0471,59.32,81,66,3.18
33,Inirida,CO,2022-10-20 20:33:56,3.8653,-67.9239,76.91,95,100,2.15
34,Carnarvon,AU,2022-10-20 20:33:56,-24.8667,113.6333,64.02,81,6,11.01
35,Saint-Philippe,RE,2022-10-20 20:33:56,-21.3585,55.7679,69.39,78,37,10.56
36,Oriximina,BR,2022-10-20 20:33:56,-1.7656,-55.8661,86.54,61,100,2.01
37,Mar Del Plata,AR,2022-10-20 20:29:59,-38.0023,-57.5575,68.02,88,0,16.11
38,Naze,JP,2022-10-20 20:33:57,28.3667,129.4833,76.12,76,99,17.02
39,Busselton,AU,2022-10-20 20:31:20,-33.65,115.3333,54.41,84,40,4.65
40,Leningradskiy,RU,2022-10-20 20:29:48,69.3833,178.4167,26.2,98,100,5.91
41,Cidreira,BR,2022-10-20 20:33:57,-30.1811,-50.2056,67.17,93,100,13.15
42,Anadyr,RU,2022-10-20 20:33:58,64.75,177.4833,34.3,93,40,6.71
43,East London,ZA,2022-10-20 20:33:58,-33.0153,27.9116,68.34,75,100,7.94
44,Netivot,IL,2022-10-20 20:33:58,31.4222,34.5886,71.6,70,100,4.9
45,Nunoa,PE,2022-10-20 20:33:58,-14.48,-70.6411,62.19,19,88,10.38
46,Kavaratti,IN,2022-10-20 20:33:59,10.5669,72.642,80.6,78,57,8.23
47,Kapaa,US,2022-10-20 20:33:59,22.0752,-159.319,80.58,77,100,13.8
48,Castro,BR,2022-10-20 20:30:13,-24.7911,-50.0119,62.08,92,100,5.86
49,Iquitos,PE,2022-10-20 20:34:00,-3.7481,-73.2472,84.24,74,75,6.91
50,Palu,ID,2022-10-20 20:34:01,-0.8917,119.8707,75.42,91,99,3.42
51,Lorengau,PG,2022-10-20 20:34:01,-2.0226,147.2712,82.17,73,78,3.85
52,Dicamay,PH,2022-10-20 20:34:01,16.7561,122.0037,72.81,100,100,2.08
53,Alugan,PH,2022-10-20 20:34:02,12.2188,125.4808,80.31,83,73,6.06
54,Dikson,RU,2022-10-20 20:33:11,73.5069,80.5464,32.31,98,100,14.92
55,Puerto Ayora,EC,2022-10-20 20:34:02,-0.7393,-90.3518,76.96,83,89,7.0
56,Saint-Louis,SN,2022-10-20 20:34:02,16.3333,-15.0,95.04,22,3,2.84
57,Quepos,CR,2022-10-20 20:30:47,9.4236,-84.1652,78.64,89,100,3.0
58,Punta Arenas,CL,2022-10-20 20:32:30,-53.15,-70.9167,46.51,49,40,43.73
59,Aklavik,CA,2022-10-20 20:34:03,68.2191,-135.0107,24.8,93,100,4.61
60,Cape Town,ZA,2022-10-20 20:33:32,-33.9258,18.4232,62.28,76,77,15.99
61,Adrar,MR,2022-10-20 20:34:03,20.5022,-10.0711,89.69,14,31,7.52
62,Jamestown,US,2022-10-20 20:30:31,42.097,-79.2353,44.19,47,100,24.16
63,Sinnamary,GF,2022-10-20 20:34:04,5.3833,-52.95,81.0,78,100,9.08
64,Mariental,NA,2022-10-20 20:34:04,-24.6333,17.9667,81.97,31,57,19.24
65,Makat,KZ,2022-10-20 20:34:04,47.6469,53.3463,55.17,71,4,7.09
66,Bluff,NZ,2022-10-20 20:34:04,-46.6,168.3333,47.32,51,35,9.44
67,Paamiut,GL,2022-10-20 20:34:05,61.994,-49.6678,35.58,59,96,3.62
68,Kerman,IR,2022-10-20 20:34:05,30.2832,57.0788,57.06,30,0,0.0
69,Isangel,VU,2022-10-20 20:34:05,-19.55,169.2667,75.31,64,99,5.75
70,Lebu,CL,2022-10-20 20:34:06,-37.6167,-73.65,52.48,95,100,6.76
71,Chililabombwe,ZM,2022-10-20 20:34:06,-12.3648,27.8229,74.86,37,97,10.47
72,Pinsk,BY,2022-10-20 20:34:06,52.1229,26.0951,40.57,71,59,4.63
73,Lagoa,PT,2022-10-20 20:34:07,39.05,-27.9833,65.44,68,11,16.84
74,Nikolskoye,RU,2022-10-20 20:30:00,59.7035,30.7861,40.91,96,88,3.33
75,Rongcheng,CN,2022-10-20 20:34:08,30.634,117.8517,56.89,68,90,1.97
76,Mataura,NZ,2022-10-20 20:31:18,-46.1927,168.8643,47.17,48,52,5.41
77,Itaituba,BR,2022-10-20 20:30:46,-4.2761,-55.9836,83.79,68,100,0.85
78,Palmer,US,2022-10-20 20:33:20,42.1584,-72.3287,57.24,38,20,19.57
79,Plettenberg Bay,ZA,2022-10-20 20:34:08,-34.0527,23.3716,59.59,80,54,2.91
80,Qabaqcol,AZ,2022-10-20 20:34:09,41.72,46.2647,62.64,69,18,2.33
81,Airai,TL,2022-10-20 20:34:09,-8.9266,125.4092,61.86,90,99,1.36
82,Chatakonda,IN,2022-10-20 20:34:09,17.55,80.65,73.08,93,26,0.76
83,Arraial Do Cabo,BR,2022-10-20 20:34:10,-22.9661,-42.0278,78.76,73,0,24.16
84,Atuona,PF,2022-10-20 20:34:10,-9.8,-139.0333,76.89,71,20,18.32
85,Anloga,GH,2022-10-20 20:34:10,5.7947,0.8973,80.53,81,37,9.17
86,Roma,US,2022-10-20 20:32:09,43.2128,-75.4557,49.51,42,100,14.97
87,Khatanga,RU,2022-10-20 20:34:11,71.9667,102.5,10.09,93,93,5.26
88,Bilma,NE,2022-10-20 20:34:11,18.6853,12.9164,77.2,18,1,8.72
89,Bonavista,CA,2022-10-20 20:34:11,48.6499,-53.1147,55.98,94,100,21.27
90,Raga,SS,2022-10-20 20:34:12,8.4596,25.678,71.87,88,98,3.67
91,Carutapera,BR,2022-10-20 20:34:12,-1.195,-46.02,80.19,77,100,10.92
92,Clyde River,CA,2022-10-20 20:29:46,70.4692,-68.5914,16.03,73,0,4.61
93,Aksarka,RU,2022-10-20 20:34:33,66.5606,67.7975,29.93,89,97,9.17
94,Hilo,US,2022-10-20 20:34:34,19.7297,-155.09,86.29,74,40,6.91
95,Nagarote,NI,2022-10-20 20:34:34,12.2659,-86.5647,91.08,69,17,3.29
96,Arlit,NE,2022-10-20 20:34:34,18.7369,7.3853,81.43,17,2,15.48
97,Hornepayne,CA,2022-10-20 20:34:35,49.2138,-84.7705,39.22,73,100,10.33
98,Talnakh,RU,2022-10-20 20:33:20,69.4865,88.3972,32.94,98,100,15.93
99,Kot Diji,PK,2022-10-20 20:34:36,27.3427,68.7083,73.42,39,0,4.85
100,Stockholm,SE,2022-10-20 20:32:36,59.3326,18.0649,42.85,95,40,0.0
101,Denpasar,ID,2022-10-20 20:34:36,-8.65,115.2167,78.46,100,20,4.61
102,Victoria,HK,2022-10-20 20:30:37,22.2855,114.1577,75.38,75,97,11.01
103,Hargeysa,SO,2022-10-20 20:34:37,9.56,44.065,69.51,74,94,8.01
104,Honiara,SB,2022-10-20 20:34:37,-9.4333,159.95,82.56,78,26,5.97
105,Zinder,NE,2022-10-20 20:34:37,13.8072,8.9881,84.45,18,13,11.05
106,Kuching,MY,2022-10-20 20:34:38,1.55,110.3333,75.42,100,20,0.0
107,Norman Wells,CA,2022-10-20 20:34:38,65.282,-126.8329,28.44,86,75,6.91
108,Katsuura,JP,2022-10-20 20:33:53,35.1333,140.3,61.95,63,0,4.85
109,Port Lincoln,AU,2022-10-20 20:34:39,-34.7333,135.8667,57.15,87,3,4.5
110,Abha,SA,2022-10-20 20:34:39,18.2164,42.5053,60.62,82,0,0.0
111,Natal,BR,2022-10-20 20:33:25,-5.795,-35.2094,79.02,73,40,18.41
112,Saldanha,ZA,2022-10-20 20:34:39,-33.0117,17.9442,60.04,78,47,20.87
113,Shu,KZ,2022-10-20 20:34:39,43.5983,73.7614,46.83,51,22,1.48
114,Port Macquarie,AU,2022-10-20 20:34:40,-31.4333,152.9167,66.88,85,98,12.33
115,San Patricio,US,2022-10-20 20:34:40,28.017,-97.5169,83.53,27,0,6.71
116,Thompson,CA,2022-10-20 20:34:40,55.7435,-97.8558,59.16,47,100,9.22
117,Gazanjyk,TM,2022-10-20 20:34:41,39.2446,55.5154,73.06,25,100,4.05
118,Butaritari,KI,2022-10-20 20:34:41,3.0707,172.7902,80.82,75,26,9.31
119,Asau,RO,2022-10-20 20:34:41,46.4333,26.4,34.72,70,1,2.35
120,Georgetown,MY,2022-10-20 20:32:57,5.4112,100.3354,82.24,81,20,0.0
121,Kupino,RU,2022-10-20 20:34:42,54.3663,77.2981,39.33,90,73,5.82
122,Geraldton,AU,2022-10-20 20:31:37,-28.7667,114.6,62.35,86,31,9.4
123,San Jeronimo,PE,2022-10-20 20:34:42,-11.9472,-75.2829,62.22,52,90,2.33
124,Biankouma,CI,2022-10-20 20:34:42,7.7391,-7.6138,68.49,94,41,2.17
125,Novaya Igirma,RU,2022-10-20 20:34:42,57.1334,103.9112,30.79,95,99,3.02
126,Ankang,CN,2022-10-20 20:34:43,32.68,109.0172,55.71,74,0,1.21
127,Fortuna,US,2022-10-20 20:34:43,40.5982,-124.1573,59.92,82,0,5.75
128,Lazaro Cardenas,MX,2022-10-20 20:34:43,17.9583,-102.2,80.94,81,100,10.54
129,Kaitangata,NZ,2022-10-20 20:34:44,-46.2817,169.8464,48.0,50,96,10.16
130,Tasiilaq,GL,2022-10-20 20:34:44,65.6145,-37.6368,35.76,94,92,3.47
131,Powell River,CA,2022-10-20 20:34:44,49.8496,-124.5361,66.2,51,40,17.27
132,Shekhupura,PK,2022-10-20 20:34:44,31.7131,73.9783,66.25,52,0,7.63
133,Fort Nelson,CA,2022-10-20 20:30:30,58.8053,-122.7002,56.79,26,40,17.27
134,Namibe,AO,2022-10-20 20:34:45,-15.1961,12.1522,66.54,83,69,4.18
135,Zastron,ZA,2022-10-20 20:34:45,-30.3023,27.084,66.87,57,93,4.16
136,Dicabisagan,PH,2022-10-20 20:34:45,17.0818,122.4157,76.23,95,100,7.49
137,Faanui,PF,2022-10-20 20:34:46,-16.4833,-151.75,78.64,75,36,13.18
138,Nanortalik,GL,2022-10-20 20:34:46,60.1432,-45.2371,35.74,62,29,7.49
139,Karratha,AU,2022-10-20 20:34:46,-20.7377,116.8463,74.3,70,0,10.74
140,Tuktoyaktuk,CA,2022-10-20 20:34:47,69.4541,-133.0374,26.6,80,100,14.97
141,Saint George,US,2022-10-20 20:32:29,37.1041,-113.5841,79.79,20,0,3.44
142,Roswell,US,2022-10-20 20:30:55,34.0232,-84.3616,64.85,28,0,8.05
143,Sokolo,ML,2022-10-20 20:34:48,14.7328,-6.1219,91.02,19,100,6.53
144,Yellowknife,CA,2022-10-20 20:34:48,62.456,-114.3525,39.72,81,75,15.01
145,Axim,GH,2022-10-20 20:34:49,4.8699,-2.2405,77.52,88,25,9.24
146,Hovd,MN,2022-10-20 20:34:49,48.0056,91.6419,32.49,42,91,9.1
147,Motala,SE,2022-10-20 20:34:49,58.5371,15.0365,37.8,81,100,5.3
148,Nicoya,CR,2022-10-20 20:34:50,10.1483,-85.452,82.78,78,98,2.15
149,Ponta Do Sol,PT,2022-10-20 20:34:50,32.6667,-17.1,74.01,87,98,4.05
150,Shubarkuduk,KZ,2022-10-20 20:34:50,49.1447,56.4872,48.24,59,51,8.52
151,Wukari,NG,2022-10-20 20:34:50,7.85,9.7833,77.04,80,100,4.9
152,Necochea,AR,2022-10-20 20:34:51,-38.5473,-58.7368,60.78,74,94,13.0
153,Taft,IR,2022-10-20 20:34:51,31.7471,54.2088,64.35,22,0,2.3
154,Nouadhibou,MR,2022-10-20 20:34:51,20.931,-17.0347,73.38,73,0,14.97
155,Hobart,AU,2022-10-20 20:34:52,-42.8794,147.3294,53.46,93,40,4.61
156,Upernavik,GL,2022-10-20 20:31:13,72.7868,-56.1549,18.99,72,100,7.14
157,Chimbarongo,CL,2022-10-20 20:34:52,-34.7,-71.05,72.48,27,12,9.24
158,Hervey Bay,AU,2022-10-20 20:34:53,-25.2986,152.8535,70.02,93,13,11.01
159,Talcahuano,CL,2022-10-20 20:30:16,-36.7167,-73.1167,56.88,77,20,12.66
160,New Norfolk,AU,2022-10-20 20:34:53,-42.7826,147.0587,53.1,89,19,2.95
161,Mezen,RU,2022-10-20 20:34:53,65.8522,44.24,30.49,80,100,13.4
162,Vyartsilya,RU,2022-10-20 20:34:54,62.1764,30.693,33.62,100,100,1.99
163,Sakaiminato,JP,2022-10-20 20:34:54,35.55,133.2333,48.18,100,75,6.91
164,Tiksi,RU,2022-10-20 20:34:54,71.6872,128.8694,1.85,93,25,10.27
165,Beringovskiy,RU,2022-10-20 20:34:54,63.05,179.3167,36.81,85,64,5.64
166,Fuzhou,CN,2022-10-20 20:34:55,26.0614,119.3061,66.09,86,29,4.0
167,Padang,ID,2022-10-20 20:34:55,-0.9492,100.3543,76.28,84,100,3.09
168,Statesville,US,2022-10-20 20:34:55,35.7826,-80.8873,64.58,38,0,6.91
169,Eureka,US,2022-10-20 20:34:56,40.8021,-124.1637,83.68,64,7,6.11
170,Sibolga,ID,2022-10-20 20:34:56,1.7427,98.7792,75.6,88,100,2.71
171,Sao Filipe,CV,2022-10-20 20:34:56,14.8961,-24.4956,77.63,83,10,4.0
172,Vila,PT,2022-10-20 20:34:57,42.0304,-8.1588,54.48,89,85,10.09
173,Mahebourg,MU,2022-10-20 20:34:57,-20.4081,57.7,72.25,83,75,10.36
174,Portland,US,2022-10-20 20:32:54,45.5234,-122.6762,72.55,65,75,4.61
175,Souillac,MU,2022-10-20 20:34:57,-20.5167,57.5167,71.98,83,75,10.36
176,Svetlogorsk,BY,2022-10-20 20:34:57,52.6333,29.7333,35.02,88,12,5.57
177,Clarence Town,AU,2022-10-20 20:34:58,-32.5833,151.7833,67.98,99,100,2.42
178,Ibra,OM,2022-10-20 20:34:58,22.6906,58.5334,72.63,40,0,1.41
179,Sao Borja,BR,2022-10-20 20:34:58,-28.6606,-56.0044,68.95,92,100,6.51
180,Lompoc,US,2022-10-20 20:34:59,34.6391,-120.4579,91.54,47,0,10.36
181,Byron Bay,AU,2022-10-20 20:34:59,-28.65,153.6167,67.96,87,90,13.82
182,Camopi,GF,2022-10-20 20:34:59,3.1655,-52.3158,85.91,51,92,4.65
183,Severo-Kurilsk,RU,2022-10-20 20:34:59,50.6789,156.125,42.87,80,100,9.01
184,Ahipara,NZ,2022-10-20 20:35:00,-35.1667,173.1667,59.88,73,14,10.65
185,Flinders,AU,2022-10-20 20:35:00,-34.5833,150.8552,67.17,94,100,4.0
186,North Platte,US,2022-10-20 20:32:16,41.1239,-100.7654,78.69,16,0,14.0
187,Weiser,US,2022-10-20 20:35:00,44.251,-116.9693,71.31,28,34,3.13
188,Gat,IL,2022-10-20 20:35:02,31.61,34.7642,74.39,100,100,2.37
189,High Level,CA,2022-10-20 20:30:25,58.5169,-117.136,55.51,38,75,8.05
190,Sao Felix Do Xingu,BR,2022-10-20 20:35:02,-6.6447,-51.995,85.82,51,86,1.5
191,Burla,IN,2022-10-20 20:35:03,21.5,83.8667,67.71,68,0,4.88
192,Hofn,IS,2022-10-20 20:35:03,64.2539,-15.2082,42.15,74,100,12.62
193,Dzaoudzi,YT,2022-10-20 20:35:03,-12.7887,45.2699,76.89,69,0,5.75
194,Pacifica,US,2022-10-20 20:35:03,37.6138,-122.4869,87.06,73,20,14.97
195,Cabo San Lucas,MX,2022-10-20 20:31:41,22.8909,-109.9124,90.61,71,8,8.39
196,Libenge,CD,2022-10-20 20:35:04,3.65,18.6333,70.86,95,89,2.3
197,Murgab,TM,2022-10-20 20:35:04,37.4966,61.9714,55.27,50,38,9.22
198,Nurota,UZ,2022-10-20 20:35:05,40.5614,65.6886,52.77,29,80,2.91
199,Barsovo,RU,2022-10-20 20:35:05,61.1667,73.1667,37.53,87,100,12.66
200,Ponta Delgada,PT,2022-10-20 20:35:05,37.7333,-25.6667,64.51,77,20,5.75
201,Gravdal,NO,2022-10-20 20:35:06,68.1214,13.5031,40.89,100,40,2.3
202,Nalgonda,IN,2022-10-20 20:35:06,17.05,79.2667,72.75,93,59,4.25
203,Kavieng,PG,2022-10-20 20:35:06,-2.5744,150.7967,82.8,71,81,8.5
204,Manama,BH,2022-10-20 20:32:02,26.2154,50.5832,85.98,54,0,9.22
205,Provideniya,RU,2022-10-20 20:35:07,64.3833,-173.3,34.99,98,100,8.3
206,Hambantota,LK,2022-10-20 20:35:07,6.1241,81.1185,79.32,80,100,16.78
207,Locri,IT,2022-10-20 20:35:07,38.2414,16.2623,63.32,74,0,4.43
208,Tiarei,PF,2022-10-20 20:35:08,-17.5333,-149.3333,73.0,81,39,18.1
209,Suba,PH,2022-10-20 20:35:08,10.8438,121.0102,83.12,75,100,5.5
210,Balabac,PH,2022-10-20 20:35:08,7.9868,117.0645,79.97,79,97,2.06
211,Port Blair,IN,2022-10-20 20:35:09,11.6667,92.75,80.2,79,50,10.31
212,Kaitong,CN,2022-10-20 20:35:09,44.8135,123.15,54.81,43,45,17.76
213,Gizo,SB,2022-10-20 20:35:09,-8.103,156.8419,83.35,74,85,1.66
214,Khartoum,SD,2022-10-20 20:35:09,15.5518,32.5324,92.44,25,42,11.77
215,Sidi Bin Nur,TN,2022-10-20 20:35:10,35.5333,10.9167,71.51,65,0,6.53
216,Safranbolu,TR,2022-10-20 20:35:10,41.2508,32.6942,44.56,93,17,3.91
217,Laguna,US,2022-10-20 20:35:10,38.421,-121.4238,89.64,31,0,4.61
218,San Borja,BO,2022-10-20 20:35:11,-14.8167,-66.85,89.24,54,91,3.83
219,Hay River,CA,2022-10-20 20:32:27,60.8156,-115.7999,39.18,81,100,12.66
220,San Miguel,SV,2022-10-20 20:30:23,13.4833,-88.1833,91.0,57,20,2.3
221,Codrington,AU,2022-10-20 20:35:11,-38.2667,141.9667,57.79,90,98,4.41
222,Westport,US,2022-10-20 20:35:12,41.1415,-73.3579,59.27,40,0,15.99
223,Biskamzha,RU,2022-10-20 20:35:12,53.4497,89.5272,35.55,98,100,8.12
224,Ingham,US,2022-10-20 20:35:12,42.6,-84.3833,49.62,45,0,9.22
225,Eyl,SO,2022-10-20 20:35:12,7.9803,49.8164,78.08,85,40,10.0
226,Tenenkou,ML,2022-10-20 20:35:13,14.4572,-4.9169,89.67,20,95,4.72
227,Khvoynaya,RU,2022-10-20 20:35:13,58.9,34.5333,38.91,93,100,5.28
228,Onguday,RU,2022-10-20 20:35:13,50.75,86.15,36.39,85,100,4.45
229,Deputatskiy,RU,2022-10-20 20:35:14,69.3,139.9,0.28,93,100,7.02
230,La Roda,ES,2022-10-20 20:35:14,39.2167,-2.15,67.98,59,100,18.61
231,Boca Do Acre,BR,2022-10-20 20:35:15,-8.7522,-67.3978,88.05,56,90,3.2
232,Roald,NO,2022-10-20 20:35:16,62.5833,6.1333,42.94,81,0,16.11
233,Imbituba,BR,2022-10-20 20:35:16,-28.24,-48.6703,68.47,94,100,8.99
234,Luanda,AO,2022-10-20 20:31:26,-8.8368,13.2343,77.0,83,75,8.05
235,Chuy,UY,2022-10-20 20:35:17,-33.6971,-53.4616,61.65,86,100,7.99
236,Vila Velha,BR,2022-10-20 20:35:17,-20.3297,-40.2925,78.75,80,40,18.41
237,Saskylakh,RU,2022-10-20 20:35:17,71.9167,114.0833,12.96,96,96,5.82
238,Krasnyy Yar,RU,2022-10-20 20:35:18,46.5331,48.3456,55.33,71,87,10.18
239,Vanavara,RU,2022-10-20 20:35:18,60.34,102.2797,28.74,95,99,3.53
240,Arzgir,RU,2022-10-20 20:32:19,45.3728,44.2206,54.27,60,100,19.44
241,Sorland,NO,2022-10-20 20:35:19,67.667,12.6934,44.46,75,100,8.63
242,Longyearbyen,SJ,2022-10-20 20:35:19,78.2186,15.6401,17.44,79,20,8.05
243,Praia Da Vitoria,PT,2022-10-20 20:35:19,38.7333,-27.0667,64.65,82,75,16.15
244,Narsaq,GL,2022-10-20 20:35:20,60.9167,-46.05,32.22,64,67,5.37
245,Athabasca,CA,2022-10-20 20:30:28,54.7169,-113.2854,55.81,32,6,17.05
246,Salalah,OM,2022-10-20 20:35:20,17.0151,54.0924,78.89,78,0,3.44
247,Fukue,JP,2022-10-20 20:35:20,32.6881,128.8419,66.11,63,18,6.15
248,Omboue,GA,2022-10-20 20:35:20,-1.5746,9.2618,76.98,85,98,6.4
249,Cherskiy,RU,2022-10-20 20:35:21,68.75,161.3,15.6,95,99,9.44
250,Kidal,ML,2022-10-20 20:35:21,18.4411,1.4078,82.04,17,3,12.55
251,Montague,US,2022-10-20 20:35:22,42.5356,-72.5351,57.34,46,2,10.27
252,Pacific Grove,US,2022-10-20 20:31:23,36.6177,-121.9166,88.65,78,0,10.0
253,Zhezkazgan,KZ,2022-10-20 20:35:23,47.8043,67.7144,48.78,34,100,8.97
254,Gorontalo,ID,2022-10-20 20:35:23,0.5412,123.0595,75.07,95,70,2.46
255,Jiquilpan,MX,2022-10-20 20:35:23,19.7798,-103.7768,79.83,48,47,2.13
256,Coquimbo,CL,2022-10-20 20:33:17,-29.9533,-71.3436,58.73,82,40,11.5
257,Torbay,CA,2022-10-20 20:30:33,47.6666,-52.7314,60.39,95,100,24.16
258,Namikupa,TZ,2022-10-20 20:35:24,-10.8333,39.6,65.37,96,89,2.86
259,Bethel,US,2022-10-20 20:32:37,41.3712,-73.414,58.03,41,0,13.8
260,Pathein,MM,2022-10-20 20:35:24,16.7833,94.7333,73.54,88,98,4.76
261,Hami,CN,2022-10-20 20:35:24,42.8,93.45,47.25,39,2,8.88
262,Wadowice,PL,2022-10-20 20:35:25,49.8834,19.4929,47.52,84,4,8.99
263,Sal Rei,CV,2022-10-20 20:35:25,16.1833,-22.9167,78.15,80,19,10.87
264,Makakilo City,US,2022-10-20 20:35:25,21.3469,-158.0858,80.44,61,0,4.61
265,Mujiayingzi,CN,2022-10-20 20:35:26,42.1167,118.7833,47.73,50,31,9.26
266,Umm Bab,QA,2022-10-20 20:35:04,25.2142,50.8072,81.48,59,0,7.72
267,Najran,SA,2022-10-20 20:35:26,17.4924,44.1277,66.85,20,10,0.69
268,Henties Bay,NA,2022-10-20 20:35:26,-22.116,14.2845,58.24,91,73,10.25
269,Qinhuangdao,CN,2022-10-20 20:35:27,39.9317,119.5883,54.3,53,59,9.1
270,Nikel,RU,2022-10-20 20:35:27,69.4128,30.222,30.38,67,9,13.98
271,Araceli,PH,2022-10-20 20:35:27,10.5529,119.9913,82.24,77,100,4.74
272,Arona,ES,2022-10-20 20:35:27,28.0996,-16.681,69.57,70,0,5.75
273,Nome,US,2022-10-20 20:33:36,64.5011,-165.4064,41.07,82,100,10.36
274,Gladstone,AU,2022-10-20 20:35:28,-23.85,151.25,71.78,70,67,6.46
275,Hithadhoo,MV,2022-10-20 20:35:29,-0.6,73.0833,80.74,78,100,10.38
276,Katherine,AU,2022-10-20 20:35:29,-14.4667,132.2667,81.91,65,57,3.53
277,Atambua,ID,2022-10-20 20:35:29,-9.1061,124.8925,75.74,86,96,2.21
278,Suez,EG,2022-10-20 20:35:30,29.9737,32.5263,69.73,78,0,10.96
279,Havre-Saint-Pierre,CA,2022-10-20 20:35:30,50.2334,-63.5986,46.76,76,0,6.91
280,Mehamn,NO,2022-10-20 20:35:31,71.0357,27.8492,39.11,87,75,18.41
281,Constitucion,CL,2022-10-20 20:32:37,-35.3333,-72.4167,59.95,61,18,15.75
282,Yamandu,SL,2022-10-20 20:35:31,7.9362,-11.4928,72.75,97,49,1.7
283,Namtsy,RU,2022-10-20 20:33:27,62.7161,129.6658,9.01,97,86,4.27
284,Vao,NC,2022-10-20 20:35:31,-22.6667,167.4833,70.68,73,98,19.77
285,Ribeira Grande,PT,2022-10-20 20:35:32,38.5167,-28.7,64.8,72,40,6.91
286,Klaksvik,FO,2022-10-20 20:35:32,62.2266,-6.589,47.32,86,100,26.06
287,Vardo,NO,2022-10-20 20:35:32,70.3705,31.1107,35.58,87,75,27.63
288,Djibo,BF,2022-10-20 20:35:33,14.1022,-1.6306,89.74,16,21,7.58
289,Butterworth,MY,2022-10-20 20:35:33,5.3991,100.3638,82.35,85,20,1.14
290,Emerald,AU,2022-10-20 20:35:33,-23.5333,148.1667,66.34,96,99,6.49
291,Alofi,NU,2022-10-20 20:35:34,-19.0595,-169.9187,82.29,74,75,5.75
292,Vallenar,CL,2022-10-20 20:35:34,-28.5708,-70.7581,77.56,21,0,6.53
293,Dharchula,IN,2022-10-20 20:35:34,29.85,80.5333,53.78,61,6,6.69
294,Petropavlovsk-Kamchatskiy,RU,2022-10-20 20:35:35,53.0452,158.6483,30.79,59,75,2.24
295,Mount Isa,AU,2022-10-20 20:35:35,-20.7333,139.5,73.8,43,0,6.8
296,Itarema,BR,2022-10-20 20:35:35,-2.9248,-39.9167,78.57,81,20,16.98
297,Sihora,IN,2022-10-20 20:35:35,23.4833,80.1167,62.33,70,13,4.09
298,Kharan,PK,2022-10-20 20:35:36,28.5833,65.4167,70.84,18,0,7.76
299,Peravurani,IN,2022-10-20 20:35:36,10.3,79.1833,78.31,83,100,5.3
300,Port Keats,AU,2022-10-20 20:35:36,-14.25,129.55,83.07,78,94,5.7
301,Chokurdakh,RU,2022-10-20 20:35:37,70.6333,147.9167,11.97,94,100,17.78
302,Zhongshu,CN,2022-10-20 20:35:37,24.5167,103.7667,54.77,93,96,2.77
303,Marsh Harbour,BS,2022-10-20 20:35:37,26.5412,-77.0636,75.67,81,67,5.08
304,Barcelos,PT,2022-10-20 20:35:37,41.5388,-8.6151,63.84,88,22,10.69
305,Synya,RU,2022-10-20 20:35:38,65.3718,58.0387,30.88,97,100,3.15
306,Bintulu,MY,2022-10-20 20:34:46,3.1667,113.0333,77.41,100,40,5.99
307,Mayya,RU,2022-10-20 20:35:38,61.7333,130.2811,18.72,97,96,4.74
308,Tocopilla,CL,2022-10-20 20:35:38,-22.092,-70.1979,65.28,64,21,8.25
309,Pevek,RU,2022-10-20 20:35:39,69.7008,170.3133,19.17,91,100,3.94
310,Te Anau,NZ,2022-10-20 20:35:39,-45.4167,167.7167,41.99,78,55,0.94
311,Ancud,CL,2022-10-20 20:32:51,-41.8697,-73.8203,51.22,68,66,9.95
312,Villazon,BO,2022-10-20 20:35:39,-22.0866,-65.5942,66.7,1,1,22.91
313,Shingu,JP,2022-10-20 20:35:25,33.7333,135.9833,55.72,71,0,5.14
314,Walvis Bay,NA,2022-10-20 20:35:40,-22.9575,14.5053,60.1,85,100,11.25
315,Shestakovo,RU,2022-10-20 20:35:40,56.4915,103.96,26.08,97,89,2.86
316,Boda,CF,2022-10-20 20:35:40,4.3189,17.4695,70.7,96,100,0.16
317,Taloqan,AF,2022-10-20 20:35:41,36.7361,69.5345,55.17,43,0,3.09
318,Richards Bay,ZA,2022-10-20 20:35:41,-28.783,32.0377,71.33,87,39,3.6
319,Gympie,AU,2022-10-20 20:35:41,-26.1898,152.665,69.39,89,47,3.49
320,Tura,IN,2022-10-20 20:32:33,25.5198,90.2201,67.12,87,0,5.08
321,Hirson,FR,2022-10-20 20:35:41,49.9226,4.0826,63.86,92,92,11.52
322,Komsomolskiy,UZ,2022-10-20 20:35:42,40.4272,71.7189,45.32,81,0,4.61
323,North Bend,US,2022-10-20 20:35:42,43.4065,-124.2243,65.16,77,0,10.36
324,Kardla,EE,2022-10-20 20:35:42,58.9978,22.7492,44.26,83,57,6.73
325,Qaqortoq,GL,2022-10-20 20:35:44,60.7167,-46.0333,33.71,58,65,8.12
326,Dalvik,IS,2022-10-20 20:35:44,65.9702,-18.5286,33.73,80,92,1.61
327,Tabuk,PH,2022-10-20 20:35:44,17.4189,121.4443,72.84,98,100,1.05
328,Gulaothi,IN,2022-10-20 20:35:45,28.6,77.7833,72.16,52,0,4.99
329,Sena Madureira,BR,2022-10-20 20:35:45,-9.0656,-68.6569,80.22,86,100,4.41
330,Pisco,PE,2022-10-20 20:34:15,-13.7,-76.2167,66.25,72,17,9.22
331,Beni Mazar,EG,2022-10-20 20:35:45,28.4962,30.8029,72.25,57,0,14.76
332,Ilulissat,GL,2022-10-20 20:35:45,69.2167,-51.1,24.82,54,75,5.75
333,Zagreb,HR,2022-10-20 20:35:46,45.8131,15.9775,55.89,77,0,3.44
334,Nara,JP,2022-10-20 20:35:46,34.6851,135.8049,54.7,64,0,2.51
335,Road Town,VG,2022-10-20 20:35:46,18.4167,-64.6167,87.89,74,40,9.22
336,Kiama,AU,2022-10-20 20:35:47,-34.6833,150.8667,67.37,95,100,11.99
337,Yuzhno-Kurilsk,RU,2022-10-20 20:35:47,44.0306,145.8556,52.21,75,11,8.37
338,Volot,RU,2022-10-20 20:35:47,57.9278,30.7025,39.81,96,100,4.25
339,Calderitas,MX,2022-10-20 20:35:47,18.55,-88.25,87.91,58,75,6.91
340,Vanimo,PG,2022-10-20 20:35:48,-2.6741,141.3028,78.12,85,81,1.9
341,Burnie,AU,2022-10-20 20:32:57,-41.0667,145.9167,55.94,81,63,13.4
342,Tigil,RU,2022-10-20 20:33:19,57.8,158.6667,26.17,95,100,7.81
343,Balkhash,KZ,2022-10-20 20:35:48,46.844,74.9804,46.81,65,100,2.84
344,Qarqin,AF,2022-10-20 20:35:48,37.4185,66.0436,60.01,25,2,7.87
345,Carballo,ES,2022-10-20 20:35:49,43.213,-8.691,63.75,85,25,15.28
346,Iqaluit,CA,2022-10-20 20:35:49,63.7506,-68.5145,35.33,80,100,21.85
347,Ust-Koksa,RU,2022-10-20 20:35:49,50.2696,85.6108,33.71,93,100,3.4
348,Gashua,NG,2022-10-20 20:35:50,12.871,11.0482,85.1,22,69,8.68
349,Los Llanos De Aridane,ES,2022-10-20 20:35:50,28.6585,-17.9182,67.75,77,0,5.75
350,Duvan,RU,2022-10-20 20:35:50,55.695,57.9024,33.55,83,32,4.03
351,Rathdrum,US,2022-10-20 20:35:50,47.8137,-116.892,66.45,52,20,1.99
352,Calamar,CO,2022-10-20 20:35:51,10.2511,-74.9146,83.43,81,98,5.14
353,Lixourion,GR,2022-10-20 20:35:51,38.2019,20.4314,62.6,88,0,0.0
354,Manokwari,ID,2022-10-20 20:35:51,-0.8667,134.0833,78.51,76,39,3.76
355,Coruripe,BR,2022-10-20 20:35:52,-10.1256,-36.1756,75.16,70,11,8.99
356,Garowe,SO,2022-10-20 20:35:52,8.4054,48.4845,77.79,70,53,9.44
357,Jumla,NP,2022-10-20 20:35:52,29.2747,82.1838,41.14,83,8,4.25
358,Mareeba,AU,2022-10-20 20:35:52,-17.0,145.4333,70.52,97,78,0.98
359,Port Hardy,CA,2022-10-20 20:35:53,50.6996,-127.4199,57.38,67,75,11.5
360,La Sarre,CA,2022-10-20 20:30:57,48.8002,-79.1996,34.14,71,100,10.69
361,Meulaboh,ID,2022-10-20 20:35:53,4.1363,96.1285,75.31,97,100,11.54
362,Pontal Do Parana,BR,2022-10-20 20:35:53,-25.6533,-48.5128,73.98,94,100,4.21
363,Manuk Mangkaw,PH,2022-10-20 20:35:54,4.8,119.85,81.82,77,93,2.93
364,Akom,CM,2022-10-20 20:35:54,2.6678,12.7109,67.93,99,99,1.92
365,Svetlaya,RU,2022-10-20 20:35:54,46.5389,138.3297,42.39,61,100,8.84
366,Sri Aman,MY,2022-10-20 20:35:54,1.2376,111.4621,77.09,94,99,0.0
367,Barao De Melgaco,BR,2022-10-20 20:35:55,-16.1944,-55.9675,93.29,39,89,12.59
368,Galesong,ID,2022-10-20 20:35:55,-5.3166,119.3661,77.02,83,95,4.99
369,Nishihara,JP,2022-10-20 20:35:55,26.1842,127.7558,78.85,71,75,19.57
370,Linxia,CN,2022-10-20 20:35:56,35.6003,103.2064,48.2,65,100,1.03
371,Poum,NC,2022-10-20 20:35:57,-20.2333,164.0167,76.37,71,100,17.65
372,Caborca,MX,2022-10-20 20:35:57,30.5838,-111.101,85.17,26,27,7.07
373,Sao Jose Da Coroa Grande,BR,2022-10-20 20:35:57,-8.8978,-35.1478,75.4,76,18,8.12
374,Toora-Khem,RU,2022-10-20 20:35:58,52.4675,96.11,24.06,69,54,3.06
375,Marathon,US,2022-10-20 20:35:58,44.9,-89.7668,57.15,38,0,5.75
376,San Isidro,PE,2022-10-20 20:35:58,-12.1167,-77.05,63.99,68,75,9.22
377,Srivardhan,IN,2022-10-20 20:35:59,18.0333,73.0167,77.9,87,54,4.43
378,Harper,LR,2022-10-20 20:35:59,4.375,-7.7169,75.74,89,100,5.73
379,Kodiak,US,2022-10-20 20:35:59,57.79,-152.4072,49.51,53,0,18.41
380,Iranshahr,IR,2022-10-20 20:36:00,27.2025,60.6848,73.74,18,0,4.61
381,Amahai,ID,2022-10-20 20:36:00,-3.3333,128.9167,78.57,83,68,4.63
382,Yarmouth,US,2022-10-20 20:36:00,41.7057,-70.2286,57.34,58,0,18.41
383,Bandarbeyla,SO,2022-10-20 20:36:00,9.4942,50.8122,77.92,89,37,8.46
384,Benguela,AO,2022-10-20 20:36:01,-12.5763,13.4055,74.73,82,94,4.97
385,Sabang,ID,2022-10-20 20:36:01,5.8933,95.3214,78.75,86,100,25.41
386,Khovu-Aksy,RU,2022-10-20 20:36:01,51.1333,93.6,29.64,62,100,5.73
387,Aitape,PG,2022-10-20 20:36:02,-3.1374,142.3475,78.17,86,98,2.68
388,Jega,NG,2022-10-20 20:36:02,12.2175,4.3792,83.77,28,12,5.08
389,Phan Thiet,VN,2022-10-20 20:36:02,10.9333,108.1,75.04,89,98,5.59
390,Uruzgan,AF,2022-10-20 20:36:03,32.8333,66.0,51.75,23,0,0.72
391,Dubbo,AU,2022-10-20 20:32:43,-32.25,148.6167,63.9,93,90,10.98
392,Emborion,GR,2022-10-20 20:36:03,40.4833,21.55,50.36,53,0,2.48
393,Ketchikan,US,2022-10-20 20:36:04,55.3422,-131.6461,48.67,87,100,5.75
394,Atar,MR,2022-10-20 20:36:04,20.5169,-13.0499,91.22,12,31,6.93
395,Adre,TD,2022-10-20 20:36:04,13.4667,22.2,82.0,31,97,4.23
396,Cairns,AU,2022-10-20 20:36:05,-16.9167,145.7667,75.15,91,100,8.05
397,Takoradi,GH,2022-10-20 20:32:42,4.8845,-1.7554,76.42,91,22,8.25
398,Gravelbourg,CA,2022-10-20 20:36:05,49.8834,-106.5512,64.67,25,100,18.3
399,Krasnaya Gora,RU,2022-10-20 20:36:05,52.9995,31.6023,33.91,88,0,6.38
400,Grand Gaube,MU,2022-10-20 20:36:06,-20.0064,57.6608,72.37,73,4,5.01
401,Eregli,TR,2022-10-20 20:36:06,37.5133,34.0467,57.16,70,60,5.21
402,Labuhan,ID,2022-10-20 20:36:06,-6.8844,112.2051,79.47,84,100,5.73
403,Tautira,PF,2022-10-20 20:36:07,-17.7333,-149.15,76.89,81,62,17.76
404,San Quintin,MX,2022-10-20 20:36:07,30.4833,-115.95,76.87,55,2,8.57
405,Dudinka,RU,2022-10-20 20:36:07,69.4058,86.1778,33.42,98,100,18.25
406,Nelson Bay,AU,2022-10-20 20:36:07,-32.7167,152.15,68.11,94,100,8.99
407,Waipawa,NZ,2022-10-20 20:36:08,-41.4122,175.5153,46.18,61,96,16.4
408,Bichura,RU,2022-10-20 20:36:08,50.5881,107.6022,28.42,92,36,2.1
409,Lengshuitan,CN,2022-10-20 20:36:09,26.4111,111.5956,65.88,27,94,1.79
410,Indiaroba,BR,2022-10-20 20:36:09,-11.5192,-37.5117,75.09,71,0,7.14
411,Jiazi,CN,2022-10-20 20:36:09,22.8779,116.067,68.74,74,95,13.96
412,Maceio,BR,2022-10-20 20:34:25,-9.6658,-35.7353,78.24,73,20,10.36
413,Taoudenni,ML,2022-10-20 20:36:10,22.6783,-3.9836,86.92,13,8,15.99
414,Kruisfontein,ZA,2022-10-20 20:34:00,-34.0033,24.7314,57.88,86,38,4.52
415,Hartland,US,2022-10-20 20:31:26,43.105,-88.342,59.67,33,0,8.05
416,Udachnyy,RU,2022-10-20 20:36:11,66.4167,112.4,15.8,94,36,9.55
417,Ginda,IN,2022-10-20 20:36:11,30.6945,78.4932,45.9,67,3,8.32
418,Lyaskelya,RU,2022-10-20 20:36:12,61.7667,31.0167,35.55,79,100,3.13
419,Angoche,MZ,2022-10-20 20:36:12,-16.2325,39.9086,75.72,82,0,11.03
420,Golden,US,2022-10-20 20:36:13,39.7555,-105.2211,80.98,10,0,12.66
421,Ganzhou,CN,2022-10-20 20:36:13,28.8184,115.4327,60.3,52,57,3.27
422,Jiutai,CN,2022-10-20 20:36:13,44.1525,125.8328,55.74,46,100,20.94
423,Birao,CF,2022-10-20 20:36:13,10.2849,22.7882,75.92,61,21,3.96
424,Bud,US,2022-10-20 20:36:14,39.447,-86.1758,60.75,25,24,14.23
425,San Felipe,VE,2022-10-20 20:36:14,10.3399,-68.7425,79.95,84,36,5.32
426,Northam,GB,2022-10-20 20:36:14,51.0333,-4.2167,56.61,89,97,13.56
427,Mathbaria,BD,2022-10-20 20:36:15,22.2876,89.9593,71.28,77,0,6.96
428,Santa Cruz,BO,2022-10-20 20:31:44,-17.8,-63.1667,91.45,49,40,13.8
429,Dasoguz,TM,2022-10-20 20:36:15,41.8363,59.9666,58.95,41,0,9.22
430,Kulhudhuffushi,MV,2022-10-20 20:36:15,6.6221,73.07,81.23,79,100,15.73
431,Kingston,JM,2022-10-20 20:36:16,17.997,-76.7936,86.23,75,41,5.01
432,Nazarovo,RU,2022-10-20 20:33:18,56.0064,90.3914,37.08,91,100,11.77
433,Klyuchi,RU,2022-10-20 20:36:16,52.2667,79.1667,51.82,64,100,15.79
434,Grindavik,IS,2022-10-20 20:36:16,63.8424,-22.4338,40.95,81,0,11.5
435,Belyy Yar,RU,2022-10-20 20:36:17,53.6039,91.3903,42.69,61,20,11.18
436,Nichinan,JP,2022-10-20 20:36:17,31.6,131.3667,64.4,78,76,6.76
437,Launceston,AU,2022-10-20 20:36:17,-41.45,147.1667,50.81,100,40,6.91
438,Kwakoa,TZ,2022-10-20 20:36:18,-3.7667,37.7167,66.69,80,46,4.9
439,Pravdinsk,RU,2022-10-20 20:32:16,54.4429,21.0179,40.39,78,7,6.22
440,Saint-Georges,GD,2022-10-20 20:36:18,12.0564,-61.7485,85.68,74,75,2.3
441,Jalgaon,IN,2022-10-20 20:36:19,21.0167,75.5667,72.55,71,64,6.17
442,Kalmunai,LK,2022-10-20 20:36:19,7.4167,81.8167,77.63,88,100,5.32
443,Vila Franca Do Campo,PT,2022-10-20 20:36:19,37.7167,-25.4333,64.2,78,25,11.54
444,Guatire,VE,2022-10-20 20:36:19,10.4762,-66.5427,85.69,95,37,2.77
445,Tobermory,CA,2022-10-20 20:36:20,45.2501,-81.6665,43.7,64,93,18.03
446,Basco,PH,2022-10-20 20:36:20,20.4487,121.9702,79.63,82,74,28.48
447,Santa Isabel,BR,2022-10-20 20:36:20,-23.3156,-46.2214,83.91,87,80,5.48
448,Taltal,CL,2022-10-20 20:36:21,-25.4,-70.4833,64.67,61,23,6.71
449,Gemena,CD,2022-10-20 20:36:21,3.25,19.7667,70.32,97,100,1.99
450,Samarai,PG,2022-10-20 20:36:21,-10.6167,150.6667,81.77,77,63,0.67
451,Beihai,CN,2022-10-20 20:36:22,21.4833,109.1,67.19,81,100,13.47
452,Patea,NZ,2022-10-20 20:36:22,-39.7583,174.4833,52.86,65,100,12.66
453,Takapau,NZ,2022-10-20 20:36:22,-40.0333,176.35,48.72,60,99,8.72
454,Tourlaville,FR,2022-10-20 20:36:22,49.6383,-1.5664,58.42,88,75,8.05
455,Ambulu,ID,2022-10-20 20:36:23,-8.345,113.6058,75.78,91,100,1.59
456,Port Augusta,AU,2022-10-20 20:36:23,-32.5,137.7667,62.01,86,92,7.36
457,Bengkulu,ID,2022-10-20 20:36:24,-3.8004,102.2655,74.61,92,100,10.09
458,Pimentel,PE,2022-10-20 20:36:24,-6.8367,-79.9342,68.29,64,0,21.85
459,Mogadishu,SO,2022-10-20 20:36:24,2.0371,45.3438,77.65,84,46,13.94
460,Margate,GB,2022-10-20 20:36:24,51.3813,1.3862,55.31,92,14,4.32
461,Salinopolis,BR,2022-10-20 20:32:39,-0.6136,-47.3561,81.57,79,62,15.19
462,Doha,QA,2022-10-20 20:36:25,25.2867,51.5333,85.98,62,0,6.91
463,Herre,NO,2022-10-20 20:36:26,59.1,9.5667,39.67,86,100,2.55
464,Fengrun,CN,2022-10-20 20:36:26,39.8333,118.1167,52.14,53,8,2.98
465,Rosetta,EG,2022-10-20 20:36:27,31.4044,30.4164,70.68,73,0,7.85
466,Itarantim,BR,2022-10-20 20:36:27,-15.6597,-40.0656,76.55,61,76,11.16
467,Marzuq,YE,2022-10-20 20:36:27,14.4,46.4667,68.02,45,0,3.0
468,Port-Gentil,GA,2022-10-20 20:36:28,-0.7193,8.7815,78.91,81,70,10.29
469,Igarka,RU,2022-10-20 20:36:28,67.4667,86.5833,33.15,99,100,15.32
470,Fare,PF,2022-10-20 20:36:28,-16.7,-151.0167,79.07,75,12,15.55
471,Yerbogachen,RU,2022-10-20 20:36:29,61.2767,108.0108,29.08,90,100,3.96
472,Kununurra,AU,2022-10-20 20:32:48,-15.7667,128.7333,88.05,53,95,3.83
473,Nandu,CN,2022-10-20 20:36:29,22.8525,110.8233,65.23,60,99,1.97
474,Oranjemund,NA,2022-10-20 20:36:29,-28.55,16.4333,59.83,82,100,19.82
475,Bathsheba,BB,2022-10-20 20:36:30,13.2167,-59.5167,84.81,79,40,13.8
476,Dhidhdhoo,MV,2022-10-20 20:36:30,6.8833,73.1,81.3,79,100,15.66
477,Juegang,CN,2022-10-20 20:36:30,32.3174,121.1855,63.99,82,100,6.06
478,Jacareacanga,BR,2022-10-20 20:36:31,-6.2222,-57.7528,82.94,68,100,2.91
479,Moranbah,AU,2022-10-20 20:33:48,-22.0016,148.0466,72.32,84,98,7.25
480,Lasa,IT,2022-10-20 20:36:31,46.6166,10.7002,58.08,93,100,3.76
481,Batemans Bay,AU,2022-10-20 20:36:32,-35.7167,150.1833,66.09,97,100,8.5
482,Yar-Sale,RU,2022-10-20 20:33:23,66.8333,70.8333,32.0,97,100,8.12
483,Imeni Babushkina,RU,2022-10-20 20:36:32,59.7573,43.1285,36.95,93,100,7.78
484,Unity,CA,2022-10-20 20:36:32,52.4501,-109.1682,48.25,45,95,20.71
485,Yeppoon,AU,2022-10-20 20:36:32,-23.1333,150.7333,67.78,85,81,8.16
486,Garden City,US,2022-10-20 20:33:43,42.3256,-83.331,46.65,68,75,14.97
487,Ouagadougou,BF,2022-10-20 20:34:38,12.3642,-1.5383,86.13,51,0,3.44
488,Esperance,AU,2022-10-20 20:36:33,-33.8667,121.9,59.9,83,98,5.93
489,Kiunga,PG,2022-10-20 20:36:33,-6.1219,141.2906,73.58,99,100,0.89
490,Srinagar,IN,2022-10-20 20:36:34,34.0833,74.8167,44.69,88,100,1.14
491,Viedma,AR,2022-10-20 20:35:54,-40.8135,-62.9967,72.37,24,82,13.47
492,Bhadasar,IN,2022-10-20 20:36:34,28.2833,74.3167,77.5,29,3,11.95
493,Great Falls,US,2022-10-20 20:34:57,47.5002,-111.3008,71.42,23,0,23.02
494,Chara,RU,2022-10-20 20:36:34,56.9064,118.2631,25.07,72,100,1.36
495,Erdenet,MN,2022-10-20 20:35:25,49.0333,104.0833,26.94,94,100,3.94
496,Izumo,JP,2022-10-20 20:36:35,35.3667,132.7667,48.15,77,41,5.14
497,Xihe,CN,2022-10-20 20:36:35,31.6864,113.4659,64.27,39,100,2.13
498,Watsa,CD,2022-10-20 20:36:35,3.0372,29.5355,65.8,97,100,1.12
499,Katobu,ID,2022-10-20 20:36:35,-4.9408,122.5276,75.61,89,100,2.8
500,Bosaso,SO,2022-10-20 20:36:36,11.2842,49.1816,78.85,62,19,2.93
501,Gerash,IR,2022-10-20 20:36:36,27.6652,54.1371,68.14,32,50,1.63
502,Campina Grande Do Sul,BR,2022-10-20 20:36:37,-25.3056,-49.0553,64.98,95,100,1.79
503,Mildura,AU,2022-10-20 20:36:37,-34.2,142.15,62.56,94,100,4.61
504,Elliot Lake,CA,2022-10-20 20:36:37,46.3834,-82.6331,36.1,79,99,5.55
505,Uglegorsk,RU,2022-10-20 20:36:38,49.0833,142.0333,44.62,69,7,9.26
506,Vestmannaeyjar,IS,2022-10-20 20:32:41,63.4427,-20.2734,42.93,72,89,10.92
507,Lata,PT,2022-10-20 20:36:39,40.1629,-8.3327,62.82,96,100,5.3
508,Ruwi,OM,2022-10-20 20:36:39,23.5996,58.5507,80.29,34,0,3.67
509,Metro,ID,2022-10-20 20:36:40,-5.1131,105.3067,74.41,96,99,7.56
510,Pilar,BR,2022-10-20 20:36:40,-9.5972,-35.9567,76.93,73,9,6.64
511,Kamenka,RU,2022-10-20 20:36:40,51.3223,42.7678,44.56,80,100,16.98
512,Pangnirtung,CA,2022-10-20 20:35:11,66.1451,-65.7125,35.6,51,75,12.66
513,Santa Marta,CO,2022-10-20 20:36:40,11.2408,-74.199,91.45,66,40,5.75
514,Itoman,JP,2022-10-20 20:36:41,26.1247,127.6694,79.57,70,75,19.57
515,Tateyama,JP,2022-10-20 20:36:41,34.9833,139.8667,63.75,61,0,5.59
516,Kholm,RU,2022-10-20 20:36:41,59.2667,32.85,40.55,93,100,3.83
517,Marawi,PH,2022-10-20 20:36:42,7.9986,124.2928,68.86,93,99,2.17
518,Atbasar,KZ,2022-10-20 20:36:42,51.8,68.3333,49.73,48,100,14.99
519,Warri,NG,2022-10-20 20:36:42,5.5167,5.75,76.57,90,95,4.47
520,Goderich,CA,2022-10-20 20:36:42,43.7501,-81.7165,44.91,81,100,16.11
521,Japura,ID,2022-10-20 20:36:43,-0.3167,102.35,74.57,96,100,1.28
522,Ambanja,MG,2022-10-20 20:36:43,-13.6833,48.45,73.31,78,57,1.97
523,Skotina,GR,2022-10-20 20:36:43,40.0147,22.5515,58.93,49,0,2.04
524,Lamu,KE,2022-10-20 20:36:43,-2.2717,40.902,75.42,81,37,15.1
525,Dinard,FR,2022-10-20 20:36:44,48.6314,-2.0614,62.98,85,0,9.22
526,Elko,US,2022-10-20 20:36:44,41.0002,-115.5012,71.64,13,3,10.0
527,Guhagar,IN,2022-10-20 20:36:44,17.4842,73.1929,77.29,90,86,4.03
528,Kalakamati,BW,2022-10-20 20:36:45,-20.5929,27.3121,69.87,37,3,11.14
529,Santa Isabel Do Rio Negro,BR,2022-10-20 20:36:45,-0.4139,-65.0192,84.22,67,100,3.15
530,Fostoria,US,2022-10-20 20:36:45,41.157,-83.4169,53.55,40,98,3.0
531,La Paz,BO,2022-10-20 20:35:08,-16.5,-68.15,67.98,15,75,12.66
532,Half Moon Bay,US,2022-10-20 20:36:46,37.4636,-122.4286,90.59,66,20,14.97
533,Manzanares,ES,2022-10-20 20:36:46,38.9991,-3.3699,65.75,74,100,14.47
534,Kimbe,PG,2022-10-20 20:36:46,-5.5502,150.1429,78.3,84,81,2.59
535,Sur,OM,2022-10-20 20:36:46,22.5667,59.5289,81.01,38,0,6.82
536,Mitu,CO,2022-10-20 20:36:47,1.1983,-70.1733,84.58,67,62,2.46
537,Malpe,IN,2022-10-20 20:36:47,13.35,74.7167,78.1,92,100,4.59
538,Coihaique,CL,2022-10-20 20:36:47,-45.5752,-72.0662,52.41,46,20,8.05
539,Grand Baie,MU,2022-10-20 20:36:48,-20.0182,57.5802,72.45,73,4,5.01
540,Tsaratanana,MG,2022-10-20 20:36:48,-16.7833,47.65,69.35,63,0,6.44
541,Ishigaki,JP,2022-10-20 20:36:48,24.3448,124.1572,77.13,83,100,18.41
542,Wrzesnia,PL,2022-10-20 20:36:49,52.3251,17.5652,44.55,72,26,11.18
543,Sistranda,NO,2022-10-20 20:36:49,63.7256,8.834,42.76,73,85,4.03
544,Lodja,CD,2022-10-20 20:36:49,-3.4833,23.4333,67.8,98,100,0.78
545,Chibombo,ZM,2022-10-20 20:36:49,-14.6569,28.0706,73.96,43,87,9.1
546,Pandan,PH,2022-10-20 20:36:50,14.0453,124.1694,78.3,87,88,5.03
547,Balkanabat,TM,2022-10-20 20:36:50,39.5108,54.3671,73.54,31,94,1.39
548,Tessalit,ML,2022-10-20 20:36:50,20.1986,1.0114,83.35,16,98,8.37
549,Jacqueville,CI,2022-10-20 20:36:51,5.2052,-4.4146,78.66,86,71,10.29
550,Moussoro,TD,2022-10-20 20:36:51,13.6408,16.4901,89.19,18,100,11.86
551,Westerland,DE,2022-10-20 20:36:51,54.9079,8.3033,50.02,93,100,13.8
552,Leninskoye,KZ,2022-10-20 20:36:52,41.7589,69.3864,50.22,39,77,2.59
553,Diego De Almagro,CL,2022-10-20 20:36:53,-26.3667,-70.05,73.98,12,0,10.16
554,Boa Vista,BR,2022-10-20 20:36:53,2.8197,-60.6733,93.18,46,40,9.22
555,Saint-Augustin,CA,2022-10-20 20:36:53,51.226,-58.6502,51.76,87,100,12.1
556,Kharp,RU,2022-10-20 20:36:54,66.8014,65.8081,29.89,97,100,5.23
557,Pochutla,MX,2022-10-20 20:36:54,15.7432,-96.4661,85.82,68,67,4.45
558,Taree,AU,2022-10-20 20:36:54,-31.9,152.4667,68.99,96,100,4.16
559,Khair,IN,2022-10-20 20:36:54,27.95,77.8333,72.91,50,0,4.65
560,Fergus Falls,US,2022-10-20 20:36:43,46.283,-96.0776,63.66,43,0,9.22
561,Port-Cartier,CA,2022-10-20 20:36:55,50.0334,-66.8654,49.68,72,23,10.65
562,Yining,CN,2022-10-20 20:36:55,29.0361,114.5636,59.36,55,100,0.78
563,Guapiacu,BR,2022-10-20 20:36:55,-20.795,-49.2203,88.39,33,82,10.89
564,Hamilton,US,2022-10-20 20:34:09,39.1834,-84.5333,57.99,26,75,13.8
565,Manadhoo,MV,2022-10-20 20:36:56,5.7667,73.3833,81.7,77,100,15.86
566,Taksimo,RU,2022-10-20 20:33:15,56.3444,114.8794,21.22,89,41,2.91
567,Cayenne,GF,2022-10-20 20:36:56,4.9333,-52.3333,84.24,74,0,8.05
568,Kaka,TM,2022-10-20 20:36:56,37.3482,59.6143,68.88,21,90,5.44
569,Ostrovnoy,RU,2022-10-20 20:36:57,68.0531,39.5131,35.37,92,100,37.83
570,Sitka,US,2022-10-20 20:36:57,57.0531,-135.33,48.09,81,100,9.22
571,Lienz,AT,2022-10-20 20:36:57,46.8289,12.769,56.19,92,99,4.34
572,Gushikawa,JP,2022-10-20 20:36:58,26.3544,127.8686,78.8,67,75,19.57
573,Mercedes,AR,2022-10-20 20:36:58,-34.6515,-59.4307,78.04,37,100,6.78
574,San Ramon,US,2022-10-20 20:34:02,37.7799,-121.978,88.25,32,0,6.91
575,Severnyy,RU,2022-10-20 20:36:58,50.677,36.5532,42.84,93,75,13.42
576,Hagersville,CA,2022-10-20 20:36:59,42.9668,-80.0497,40.57,63,100,17.05
577,Tromso,NO,2022-10-20 20:35:25,69.6496,18.957,35.62,80,0,9.22
578,Tera,NE,2022-10-20 20:36:59,14.0078,0.7531,88.36,14,7,7.72
579,Goryachegorsk,RU,2022-10-20 20:36:59,55.4053,88.9154,37.71,87,100,11.65
580,Tarifa,ES,2022-10-20 20:36:59,36.0139,-5.607,68.02,81,100,2.93
581,Kargil,IN,2022-10-20 20:37:00,34.5667,76.1,29.07,66,100,1.43
582,Rio Gallegos,AR,2022-10-20 20:37:00,-51.6226,-69.2181,48.25,25,40,28.77
583,Dresden,DE,2022-10-20 20:37:00,51.0509,13.7383,52.99,79,0,12.66
584,Iisalmi,FI,2022-10-20 20:37:01,63.5592,27.1907,34.25,87,100,2.35
585,Hobyo,SO,2022-10-20 20:37:01,5.3505,48.5268,78.91,84,72,16.46
586,Lessines,BE,2022-10-20 20:37:01,50.711,3.8358,65.32,86,75,9.22
587,Berlevag,NO,2022-10-20 20:37:01,70.8578,29.0864,39.15,60,100,21.85
588,Krasnoselkup,RU,2022-10-20 20:35:18,65.7,82.4667,35.98,98,100,13.11
589,Aksu,CN,2022-10-20 20:37:02,41.1231,80.2644,51.08,31,3,2.71
590,Opuwo,NA,2022-10-20 20:37:02,-18.0607,13.84,75.78,32,81,6.35
591,Sladkovo,RU,2022-10-20 20:32:18,55.5284,70.3385,38.98,84,60,6.51
592,Newcastle,AU,2022-10-20 20:36:35,-32.9272,151.7765,67.82,97,100,1.01
593,Itapuranga,BR,2022-10-20 20:37:03,-15.5622,-49.9486,89.67,25,96,5.77
594,San Cristobal,VE,2022-10-20 20:33:56,7.7669,-72.225,78.98,60,98,1.86
595,Benalla,AU,2022-10-20 20:37:03,-36.55,145.9833,60.69,90,100,3.89
596,Kemijarvi,FI,2022-10-20 20:37:03,66.7131,27.4306,32.27,84,100,3.69
597,Mandan,US,2022-10-20 20:37:05,46.8267,-100.8896,81.37,38,0,17.27
598,Kiboga,UG,2022-10-20 20:37:05,0.9161,31.7742,61.25,96,100,0.47
599,Smithers,CA,2022-10-20 20:35:09,54.7804,-127.1743,48.52,53,75,3.44
